Word,POS_Tag
Bishweswor,NNP
Prasad,NNP
Koirala,NNP
BP,NNP
Memorial,NNP
Day,NNP
was,VBD
observed,VBN
week,NN
country,NN
highlighting,VBG
contribution,NN
Nepali,NNP
society,NN
politics,NNS
socialism,NN
formed,VBD
end,NN
spectrum,NN
was,VBD
genius,NN
was,VBD
spread,VBN
novels,NNS
stories,NNS
interviews,NNS
essays,NNS
is,VBZ
politicians,NNS
contributing,VBG
differing,VBG
ideologies,NNS
consider,VB
ace,NN
statesman,NN
Nepal,NNP
reigned,VBD
period,NN
year,NN
has,VBZ
left,VBN
mark,NN
minds,NNS
people,NNS
Nepal,NNP
is,VBZ
contrast,NN
politicians,NNS
have,VBP
managed,VBN
remain,VB
top,NN
decades,NNS
are,VBP
remembered,VBN
remembered,VBN
is,VBZ
deeds.On,VB
occasion,NN
Memorial,NNP
Day,NNP
brainchild,NN
Nepali,NNP
Congress,NNP
NC,NNP
institutions,NNS
organised,VBD
programmes,NNS
NC,NNP
President,NNP
Sher,NNP
Bahadur,NNP
Deuba,NNP
took,VBD
forest,NN
trees,NNS
stressing,VBG
BP,NNP
policy,NN
reconciliation,NN
is,VBZ
chapter,NN
book,NN
did,VBD
bother,VB
highlight,VB
socialism,NN
forms,VBZ
spine,NN
ideology,NN
fact,NN
BP,NNP
socialism,NN
is,VBZ
regarded,VBN
buried,VBN
handover,NN
industries,NNS
sector,NN
aspect,NN
dismissed,VBN
BP,NNP
concept,NN
socialism,NN
–,NNP
comparing,VBG
practice,NN
keeping,VBG
milch,NN
cow,NN
yard,NN
age,NN
mushrooming,VBG
dairies,NNS
–,NNP
has,VBZ
receded,VBN
contribution,NN
has,VBZ
begun,VBN
assert,VB
itself.This,NN
was,VBD
projected,VBN
programme,NN
week,NN
staged,VBN
Jana,NNP
Nayak,NNP
BP,NNP
Koirala,NNP
Memorial,NNP
Trust,NNP
BP,NNP
Trust,NNP
publishing,VBG
books,NNS
were,VBD
based,VBN
research,NN
carried,VBD
Professor,NNP
Hari,NNP
Prasad,NNP
Parajuli,NNP
seventies,NNS
Academy,NNP
promotes,VBZ
publication,NN
research,NN
made,VBN
BP,NNP
contribution,NN
books,NNS
featured,VBD
Dr.,NNP
Parajuli,NNP
dissertation,NN
focussing,VBG
endowment,NN
consisting,VBG
stories,NNS
revealed,VBD
BP,NNP
works,NNS
were,VBD
authored,VBN
Hindi,NNP
translated,VBD
Nepali,NNP
Whilst,NNP
BP,NNP
protégé,NN
President,NNP
Republic,NNP
Nepal,NNP
Ram,NNP
Baran,NNP
Yadav,NNP
had,VBD
graced,VBN
programme,NN
guest,NN
General,NNP
Secretary,NNP
Academy,NNP
NC,NNP
leader,NN
Ram,NNP
Chandra,NNP
Pokharel,NNP
had,VBD
chaired,VBN
programme,NN
podium,NN
were,VBD
luminaries,NNS
Professor,NNP
Dhruba,NNP
Chandra,NNP
Gautam,NNP
was,VBD
is,VBZ
fear,NN
terror,VB
undergone,NN
researcher,NN
Parajuli,NNP
thesis,NN
supervisor,NN
Dr.,NNP
Gautam,NNP
height,NN
Panchayat,NNP
era,NN
Students,NNS
professors,NNS
considered,VBD
undertake,VB
supervise,VB
study,NN
B,NNP
P,NNP
Koirala,NNP
writings,NNS
Professor,NNP
Parajuli,NNP
Gautam,NNP
stuck,VBD
task,NN
fearing,VBG
psychology,NN
forms,VBZ
nerve,NN
BP,NNP
stories,NNS
Freud,NNP
theory,NN
is,VBZ
be,VB
described,VBN
revolving,VBG
id,NN
ego,NN
superego,NN
sake,NN
simplicity,NN
id,NN
is,VBZ
urge,NN
take,VB
action,NN
ego,NN
is,VBZ
drive,NN
enjoy,VB
superego,NN
controls,VBZ
setting,VBG
limits,NNS
stopping,VBG
action,NN
completelyFor,NN
example,NN
sweets,NNS
are,VBP
kind,NN
id,NN
be,VB
taken,VBN
moderation,NN
ego,NN
urges,VBZ
consume,VB
superego,NN
controls,VBZ
doing,VBG
domination,NN
ego,NN
leads,NNS
tension,NN
life,NN
domination,NN
superego,NN
ego,NN
turn,NN
leads,NNS
profile,NN
individual,NN
aspects,NNS
be,VB
seen,VBN
varying,VBG
degrees,NNS
stories,NNS
BP,NNP
ego,NN
superego,NN
are,VBP
shaped,VBN
factors.For,NN
example,NN
Doshi,NNP
Chasma,NNP
Defective,NNP
Spectacles,NNP
Keshabraj,NNP
has,VBZ
defective,NN
eye,NN
change,NN
eye,NN
power,NN
ego,NN
is,VBZ
refuses,VBZ
change,VB
lenses,NNS
condition,NN
result,NN
fails,VBZ
salute,VB
General,NNP
passing,NN
right,NN
front,NN
Keshabraj,NNP
harbours,VBZ
fear,NN
General,NNP
be,VB
fact,NN
General,NNP
has,VBZ
noticed,VBN
Keshabraj,NNP
maintains,VBZ
profile,NN
domination,NN
superego,NN
ego.In,NN
story,NN
Sakhi,NNP
friend,NN
Chandrakumari,NNP
interacts,VBZ
husband,NN
friend,NN
asks,VBZ
kiss,NN
refusing,VBG
yields,NNS
request,NN
ignores,VBZ
Chandrakumari,NNP
cries,VBZ
tears,VBZ
letters,NNS
ego,NN
has,VBZ
dominated,VBN
superego,NN
causing,VBG
tension,NN
leads,VBZ
crying,VBG
tearing,VBG
letters.Though,NN
world,NN
is,VBZ
struggle,NN
id,NN
ego,NN
superego,NN
does,VBZ
surface,VB
BP,NNP
stories,NNS
Written,NNP
language,NN
is,VBZ
understood,VBN
simplicity,NN
stories,NNS
novels,NNS
is,VBZ
poet,VB
Bhupi,NNP
Sherchan,NNP
clarity,NN
Nepali,NNP
poems,NN
lucid,NN
provide,VB
message,NN
reader.BP,NN
was,VBD
Nepal,NNP
minister,NN
known,VBN
philosophy,NN
socialism,NN
imprisonment,NN
following,VBG
ban,NN
imposed,VBN
parties,NNS
started,VBD
being,VBG
addressed,VBN
writer,NN
was,VBD
describe,VB
politician,NN
monarchy,NN
Again,NNP
restoration,NN
democracy,NN
philosophy,NN
was,VBD
expected,VBN
make,VB
comeback,NN
was,VBD
abandoned,VBN
NC,NNP
government,NN
professing,VBG
follow,VB
words,NNS
is,VBZ
wonder,NN
aspect,NN
has,VBZ
come,VBN
fore,NN
agenda,NN
has,VBZ
been,VBN
placed,VBN
burner,NN
